note_code,fApp_code
2017535 - General,F0217
2448799 - General,F0217
2352789 - General,F0246
2352789 - General,F0247
2352789 - General,F0250
2352789 - General,F0251
2352789 - General,F0263
2352789 - General,F0266
2352789 - General,F0270
2352789 - General,F0273
2516539 - General,F0292
2496839 - General,F0333A
2496779 - General,F0335A
2207849 - General,F0337
1983297 - General,F0366
2060496 - General,F0380
2221151 - General,F0400A
2371741 - General,F0400A
2221151 - General,F0401A
2371741 - General,F0401A
2221151 - General,F0402A
2371741 - General,F0402A
2349877 - General,F0409
2349894 - General,F0409
2349902 - General,F0409
2503938 - General,F0409A
2707544 - General,F0409A
2708777 - General,F0409A
2976262 - General,F0409A
2719018 - General,F0409B
3000265 - General,F0410A
2676990 - General,F0410A
2178368 - General,F0410A
2991233 - General,F0411A
2676990 - General,F0411A
2178368 - General,F0411A
1990433 - General,F0433
1995680 - General,F0499
2214181 - General,F0499
1995680 - General,F0500
2214181 - General,F0500
2291824 - General,F0500
2371284 - General,F0500
1995680 - General,F0501
2214181 - General,F0501
1995680 - General,F0502
2214181 - General,F0502
1995680 - General,F0503
2214181 - General,F0503
1995680 - General,F0504
2214181 - General,F0504
1941572 - Back-end,F0510
2221151 - General,F0545A
2371741 - General,F0545A
2512024 - Back-end,F0547A
2347160 - General,F0584
2349770 - Front-end,F0584
2349763 - Back-end,F0584
2777687 - General,F0584A
2976262 - General,F0584A
2719018 - General,F0584B
2015222 - General,F0593
2017273 - General,F0617
2017620 - Front-end,F0617
1982371 - Back-end,F0617
2017621 - Front-end,F0618
1982371 - Back-end,F0618
2017181 - General,F0618
2017621 - Front-end,F0618A
1982371 - Back-end,F0618A
2017181 - General,F0618A
1967530 - Back-end,F0627
1982196 - General,F0627
2012336 - Front-end,F0627
1967530 - Back-end,F0627A
1982196 - General,F0627A
2012336 - Front-end,F0627A
1995680 - General,F0636
2214181 - General,F0636
2352789 - General,F0670
1990435 - General,F0671
2297502 - General,F0673
2214054 - General,F0692
2026324 - General,F0701
2026325 - General,F0703
2058334 - General,F0706
2058320 - General,F0707
2058320 - General,F0707A
2060032 - General,F0708
2613672 - General,F0714A
2062964 - General,F0717
2314548 - Front-end,F0717
2398432 - General,F0717
2062970 - General,F0718
2807998 - General,F0721B
2912838 - General,F0721B
2495537 - General,F0722A
2613672 - General,F0722A
2613672 - General,F0723A
2613672 - General,F0726A
2613672 - General,F0728A
2537640 - Back-end,F0735
2344977 - General,F0737
2270400 - General,F0737
2219012 - General,F0744
2496842 - General,F0752
2060020 - General,F0763
2071069 - General,F0764
2059165 - General,F0771
2613672 - General,F0775A
2033329 - General,F0776
2289674 - General,F0776
2033329 - General,F0789
2289672 - General,F0789
2443859 - General,F0796
2521236 - General,F0797
2486592 - Back-end,F0798
2613672 - General,F0805A
2028974 - General,F0806
2395035 - General,F0832A
2395035 - General,F0833A
2395035 - General,F0837A
2352789 - General,F0844
2443804 - General,F0848
2807998 - General,F0851B
2912838 - General,F0851B
2807998 - General,F0852A
2676990 - General,F0862
2342790 - General,F0867
2518476 - General,F0867A
2436757 - General,F0868
2518476 - General,F0869A
2518476 - General,F0870A
1995680 - General,F0871
2214181 - General,F0871
1995680 - General,F0871A
2248039 - General,F0871A
2214181 - General,F0871A
2066052 - General,F0891
2289656 - General,F0891
2033329 - General,F0892
2289696 - General,F0892
2058363 - General,F0899
2081400 - General,F0925
2081400 - General,F0926
2081400 - General,F0927
2081400 - General,F0928
2081400 - General,F0929
2081400 - General,F0930
2081400 - General,F0931
2081400 - General,F0932
2081400 - General,F0933
2081400 - General,F0934
2081400 - General,F0935
2081400 - General,F0936
2081400 - General,F0937
2081400 - General,F0938
2081400 - General,F0939
2081400 - General,F0940
2081400 - General,F0941
2081400 - General,F0942
2081400 - General,F0943
2081400 - General,F0944
2081400 - General,F0945
2081400 - General,F0948
2081400 - General,F0949
2129655 - General,F0956
2081400 - General,F0965
2127469 - General,F0996
2220553 - General,F0997
2047210 - General,F1022
2052792 - General,F1022
2047208 - General,F1023
2052780 - General,F1023
2047205 - General,F1024
2052791 - General,F1024
2047204 - General,F1025
2052777 - General,F1025
2047209 - General,F1026
2052793 - General,F1026
2047197 - General,F1027
2052779 - General,F1027
2443871 - General,F1041
2739244 - Back-end,F1041
2771803 - Back-end,F1041
2774367 - Back-end,F1041
2777004 - Back-end,F1041
2767309 - Front-end,F1041
2773829 - Front-end,F1041
2777499 - Front-end,F1041
2443810 - General,F1042
2761120 - Back-end,F1042
2766596 - Back-end,F1042
2780285 - Back-end,F1042
2443860 - General,F1043
2443857 - General,F1044
2443858 - General,F1045
2443807 - General,F1046
2143179 - Front-end,F1047
2142348 - Back-end,F1047
2115031 - General,F1069
2117762 - Front-end,F1071
2617611 - General,F1077
2368260 - Front-end,F1079
2393271 - General,F1079
2539988 - General,F1079
2436567 - General,F1240
2496853 - General,F1248
2033329 - General,F1263
2289662 - General,F1263
2103156 - Front-end,F1309
2103156 - Front-end,F1309A
2103156 - Front-end,F1311
2103156 - Front-end,F1311A
2103156 - Front-end,F1312
2103156 - Front-end,F1313
2103156 - Front-end,F1313A
2103156 - Front-end,F1314
2103156 - Front-end,F1316
2377524 - General,F1316
2103678 - General,F1345
2214054 - Back-end,F1366
2214054 - Front-end,F1366
2214054 - Back-end,F1366A
2214054 - Front-end,F1366A
2620801 - General,F1378
2103156 - Front-end,F1382
2103156 - Front-end,F1383
2483297 - Front-end,F1386
2111774 - Front-end,F1387
2483297 - Front-end,F1425
2124558 - General,F1431
2350802 - Back-end,F1440
2715814 - Front-end,F1457A
2714791 - Back-end,F1457A
2033329 - General,F1475
2289695 - General,F1475
2343504 - General,F1520
2674523 - General,F1523
2175192 - Back-end,F1561
2196904 - Back-end,F1561
2208231 - Front-end,F1561
2344687 - General,F1564
2219766 - General,F1566
2207849 - General,F1576
2081400 - General,F1581
2429984 - General,F1581
2432331 - General,F1581
2513317 - General,F1581
2081400 - General,F1582
2081400 - General,F1583
2081400 - General,F1584
2081400 - General,F1585
2081400 - General,F1586
2081400 - General,F1587
2203831 - General,F1587
2209578 - General,F1588
2392680 - Back-end,F1588
2392454 - Back-end,F1588
2391245 - Back-end,F1588
2396522 - Front-end,F1588
2661114 - General,F1590
2283716 - General,F1590
2267057 - General,F1596
2219761 - General,F1597
2260286 - General,F1598
2285354 - Back-end,F1600
2285354 - Back-end,F1600A
2431475 - General,F1600A
2431527 - General,F1602
2227503 - General,F1603
2271324 - General,F1603
2227435 - General,F1604
2271323 - General,F1604
2227414 - General,F1605
2271325 - General,F1605
2219729 - General,F1606
2374144 - Front-end,F1609
2344659 - General,F1619
2384020 - General,F1637
2384020 - General,F1638
2214564 - Back-end,F1639
2384020 - General,F1641
2384020 - General,F1642
2214564 - Back-end,F1643
2409481 - General,F1643
2297849 - General,F1649
2297849 - General,F1650
2987940 - General,F1654
2033329 - General,F1657
2286092 - General,F1657
2216438 - General,F1665
2033329 - General,F1666
2287706 - General,F1666
2344650 - General,F1681
2363243 - Front-end,F1685
2425349 - General,F1688
2489383 - General,F1691
2255138 - General,F1698
2254488 - General,F1699
2353836 - General,F1700
1931258 - General,F1722
2617045 - General,F1745
2617878 - General,F1758
2617878 - General,F1759
2617878 - General,F1760
2251093 - General,F1765
2519765 - General,F1765
2115031 - General,F1766
2443809 - General,F1769
2443806 - General,F1770
2443808 - General,F1771
2661581 - General,F1780
2443853 - General,F1795
2443852 - General,F1796
2443856 - General,F1797
2443855 - General,F1802
2756538 - Front-end,F1802
1939925 - Back-end,F1807
1939531 - Back-end,F1807
1979357 - Back-end,F1807
1980094 - Back-end,F1807
2443854 - General,F1811
2413135 - General,F1813
2414290 - General,F1813
2631182 - General,F1837
2033329 - General,F1856
2298098 - Back-end,F1856
2291781 - General,F1856
2384020 - General,F1863
2384020 - General,F1864
2665482 - Back-end,F1866
2665482 - General,F1866A
2384020 - General,F1945
2341246 - Front-end,F1992
2341246 - Back-end,F1992
2631182 - General,F2033
2436567 - General,F2057
2807840 - General,F2059A
2807998 - General,F2059A
2844680 - General,F2059A
2315635 - General,F2059A
2912838 - General,F2059A
2807998 - General,F2060A
2315635 - General,F2060A
2912838 - General,F2060A
2384020 - General,F2061
2384020 - General,F2062
2311302 - General,F2065
2350076 - Back-end,F2071
2350076 - Back-end,F2072
3036251 - General,F2097
3015521 - General,F2097
2352789 - General,F2101
2443851 - General,F2105
2807921 - General,F2126A
2807998 - General,F2126A
2315635 - General,F2126A
2912838 - General,F2126A
2382542 - General,F2133
2384020 - General,F2157
2359069 - General,F2163
2359069 - General,F2164
2141870 - General,F2164
2352789 - General,F2172
2350076 - Back-end,F2173
2350076 - Back-end,F2174
2350076 - Back-end,F2175
2674523 - General,F2176
2684046 - General,F2176
2297849 - General,F2191
2297849 - General,F2192
2297849 - General,F2193
2297849 - General,F2194
2297849 - General,F2195
2297849 - General,F2196
2297849 - General,F2197
2297849 - General,F2198
2352789 - General,F2216
2452160 - General,F2217
2452198 - General,F2218
2427392 - Back-end,F2225
2429768 - Front-end,F2225
2824318 - General,F2228
2425483 - Front-end,F2242
2384020 - General,F2247
2344677 - General,F2257
2824318 - General,F2259
3360443 - General,F2259
2616921 - General,F2271
2595949 - General,F2283
2221151 - General,F2286
2319603 - General,F2286
2291824 - General,F2308
2807905 - General,F2313A
2807998 - General,F2313A
2844680 - General,F2313A
2315635 - General,F2313A
2912838 - General,F2313A
2384020 - General,F2338
2384020 - General,F2339
2807998 - General,F2341A
2315635 - General,F2341A
2912838 - General,F2341A
2807908 - General,F2342A
2807998 - General,F2342A
2844680 - General,F2342A
2315635 - General,F2342A
2912838 - General,F2342A
2384020 - General,F2344
2384020 - General,F2371
2384020 - General,F2372
2384020 - General,F2376
2384020 - General,F2377
2441686 - General,F2381
2441686 - General,F2382
2384020 - General,F2385
2384020 - General,F2386
2311302 - General,F2419
2221151 - General,F2446
2371741 - General,F2446
2496871 - General,F2449
2111774 - Front-end,F2456
2501549 - General,F2462
2384020 - General,F2492
1886295 - General,F2496
2384020 - General,F2542
2384020 - General,F2543
2461449 - General,F2548
2384020 - General,F2555
2710686 - General,F2585
2807854 - General,F2597A
2807998 - General,F2597A
2844680 - General,F2597A
2315635 - General,F2597A
2912838 - General,F2597A
2384020 - General,F2629
2384020 - General,F2630
2807998 - General,F2634A
2315635 - General,F2634A
2912838 - General,F2634A
2400537 - General,F2665
2384020 - General,F2682
2384020 - General,F2697
2807933 - General,F2724A
2807998 - General,F2724A
2844680 - General,F2724A
2315635 - General,F2724A
2912838 - General,F2724A
2384020 - General,F2735
2431527 - General,F2757
2807998 - General,F2760A
2315635 - General,F2760A
2912838 - General,F2760A
2496175 - General,F2762
2400537 - General,F2763
2452210 - General,F2766
2127469 - General,F2767
2496840 - General,F2773
2824318 - General,F2776
3360443 - General,F2776
2515796 - Back-end,F2793
2524332 - Back-end,F2793
2557895 - Back-end,F2793
2524331 - Front-end,F2793
2221151 - General,F2797
2824318 - General,F2798
3360443 - General,F2798
2807883 - General,F2845A
2807998 - General,F2845A
2844680 - General,F2845A
2315635 - General,F2845A
2912838 - General,F2845A
2674523 - General,F2900
2384020 - General,F2924
2576975 - General,F2953
2384020 - General,F2965
2384020 - General,F2967
2384020 - General,F2980
2595949 - General,F3035
2511232 - General,F3061
2725894 - General,F3074
2691220 - General,F3074
2586399 - General,F3123
2586180 - General,F3123
2824318 - General,F3298
2660542 - General,F3331
2667086 - General,F3369
2384020 - General,F3370
3268903 - Front-end,F3560
2718402 - General,F3685
3069369 - General,F3685
2718402 - General,F3686
3069369 - General,F3686
2384020 - General,F3709
2384020 - General,F3712
2384020 - General,F3713
2384020 - General,F3714
2384020 - General,F3715
2384020 - General,F3716
2731344 - General,F3723
2844326 - General,F3723
2384020 - General,F3731
2844326 - General,F3750
2384020 - General,F3774
2384020 - General,F3776
2384020 - General,F3777
2384020 - General,F3782
2384020 - General,F3783
2384020 - General,F3784
2384020 - General,F3785
2807998 - General,F3890
2315635 - General,F3890
2912838 - General,F3890
2452160 - General,F4023
2819399 - Front-end,F4054
2819399 - Front-end,F4055
2819399 - Front-end,F4057
2821718 - General,F4158
2861367 - Front-end,F4164
2854698 - Back-end,F4164
2809550 - Back-end,F4198
2809550 - Back-end,F4199
2809550 - Back-end,F4200
2856996 - General,F4621
3303812 - Front-end,F4691
2977523 - General,F4834
3223100 - General,F4837
3122370 - General,F4920
3126670 - General,F4920
3152326 - General,F4937
3152326 - General,F4939
2896044 - General,F4940
2957006 - Front-end,F4940
2667086 - General,F5004
2667086 - General,F5005
2667086 - General,F5006
3015521 - General,F5070
2384020 - General,F5080
2384020 - General,F5095
2221151 - General,F5121
2384020 - General,F5242
2384020 - General,F5243
2384020 - General,F5244
2384020 - General,F5246
2982936 - General,F5273
2616921 - General,F5310
2998630 - General,F5397
3031293 - General,F5413
3031293 - General,F5414
3210319 - General,F5460
3353782 - General,F5460
3011768 - General,F5465
3052803 - General,F5489
3052803 - General,F5490
3014244 - General,F5491
3117290 - General,F5522
3052803 - General,F5569
3052803 - General,F5570
2856996 - General,F5590
3084357 - General,F5592
3084320 - General,F5593
3268866 - Front-end,F5597
3046400 - Back-end,F5629
3041505 - General,F5629
3046401 - Front-end,F5629
3052712 - General,F5629
3052803 - General,F5687
3052803 - General,F5703
3117290 - General,F5954
2719018 - General,F6015
2667086 - General,F6023
3098182 - General,F6080
3090867 - Front-end,F6080
3090828 - Back-end,F6080
3118697 - General,F6170
2719018 - General,F6190
3269016 - Front-end,F6193
3268862 - Front-end,F6193
3263797 - Front-end,F6193
3260770 - Front-end,F6193
3259606 - Front-end,F6193
3259187 - Front-end,F6193
3066210 - General,F6331
3114074 - General,F6331
3066210 - General,F6332
3114074 - General,F6332
3269019 - Front-end,F6487
3268865 - Front-end,F6487
3260769 - Front-end,F6487
3259150 - Front-end,F6487
2384020 - General,F6490
2384020 - General,F6491
2384020 - General,F6492
2384020 - General,F6493
2384020 - General,F6494
2384020 - General,F6495
2719018 - General,F6506
2676990 - General,F6511
3303812 - Front-end,F6579
3206996 - General,F6580
2719018 - General,F6768
2719018 - General,F6771
2807998 - General,F7155
3307655 - Front-end,F7155
3363268 - General,F7405
3363268 - General,F7406
2488413 - General,W0003
2488413 - General,W0004
2488413 - General,W0006
2488413 - General,W0009
2488413 - General,W0010
2488413 - General,W0011
2488413 - General,W0012
2488413 - General,W0013
2488413 - General,W0014
2488413 - General,W0015
2488413 - General,W0016
2488413 - General,W0017
2488413 - General,W0018
2488413 - General,W0019
2488413 - General,W0020
2488413 - General,W0021
2488413 - General,W0022
2488413 - General,W0023
2488413 - General,W0024
2488413 - General,W0026
2488413 - General,W0027
2488413 - General,W0028
2488413 - General,W0029
2488413 - General,W0030
2488413 - General,W0031
2488413 - General,W0033
2417866 - General,W0051
2452210 - General,W0075
2344977 - General,W0125
2127469 - General,W0161
2127469 - General,W0177