code,name
/ACCGO/APL,
/ACCGO/BRT,
/ACCGO/DOC,
/ACCGO/DTY,
/ACCGO/LEF,
/ACCGO/LOC,
/ACCGO/NOD,
/ACCGO/NSA,
/ACCGO/SID,
/ACCGO/STL,
/ACCGO/UIS,
/ACCGO/WAC,
/AIF/BSKEY,
/AIF/FDIR,
/AIF/FNAM,
/AIF/IF,
/AIF/IFVER,
/AIF/MC,
/AIF/NS,
/AIF/NSREC,
/AIF/OTHUS,
/AIF/RECIP,
/AIF/SEROB,
/AIF/VISI,
/AIF/VMAP,
/AIF/VNAME,
/AIF/VNS,
/ASU/SCEN,
/ASU/VERSN,
/BA1/F1AUG,
/BA1/F4_FX,
/BA1/F4_MD,
/BA1/F4_PT,
/BA1/F4_ST,
/BA1/F4_VC,
/BA1/F4_VT,
/BOFU/BO,
/CDBASIS/A,
/CDBASIS/S,
/CEM/APPL,
/CEM/LE,
/CEM/PART,
/CFG/DIMEN,
/CFG/FUNCT,
/CFG/OBJTY,
/CFG/QUALF,
/CFG/VERSI,
/CPD/ASPCT,
/CPD/FP_PS,
/CPD/MP_CF,
/CPD/MP_ID,
/CPD/MP_IN,
/CPD/MP_OR,
/CPD/MP_TY,
/DSD/KUNNR,
/DSD/LCROL,
/DSD/SCEN,
/DSD/SPART,
/DSD/VAUTH,
/DSD/VKORG,
/DSD/VPTYP,
/DSD/VROUT,
/DSD/VTWEG,
/DSD/WERKS,
/GC1/DATCO,
/GC1/OBJNM,
/GC1/OBJTP,
/GSINS/BR1,
/GSINS/NL1,
/GSINS/PE1,
/GSINS/PE2,
/GSINS/TR1,
/IAM/AFLD1,
/IAM/AFLD2,
/IAM/AFLD3,
/IAM/APPL,
/IAM/AUTHG,
/IAM/A_ACT,
/IAM/A_ATR,
/IAM/A_ATY,
/IAM/A_STA,
/IAM/DOCTY,
/IAM/I_ACT,
/IAM/I_ITY,
/IAM/I_STA,
/IAM/OBJTY,
/IAM/PRIVA,
/IAM/QTYRC,
/IAM/SRCSY,
/IAM/TPRC,
/IAM/TXTTY,
/IAM/UACT,
/IBS/ORGEI,
/IBS/RBDID,
/INCMD/ICC,
/IPRO/COMP,
/IPRO/CTNT,
/IPRO/DCSL,
/IPRO/GRP,
/IWBEP/PRJ,
/IWBEP/RBC,
/IWBEP/TYP,
/LTB/RGMAS,
/MVA/VASSU,
/PF1/CA,
/PF1/CLARE,
/PF1/COKIN,
/PF1/CUSEG,
/PF1/EH_RC,
/PF1/EH_RT,
/PF1/PIAMT,
/PF1/PICUR,
/PF1/PIKIN,
/PF1/PITRA,
/PF1/POAMT,
/PF1/POCUR,
/PF1/POTYP,
/PF1/RECGP,
/PF1/RECTY,
/PF1/ROUTE,
/PF1/WB,
/PLMB/OBJT,
/PLMB/RCPT,
/PLMB/STAT,
/PM0/ACTN,
/PM0/ACTVT,
/PM0/APPLI,
/PM0/BILXP,
/PM0/BPRC,
/PM0/BTXID,
/PM0/CHRGS,
/PM0/CHRGT,
/PM0/CMPID,
/PM0/ENTIT,
/PM0/ITEM,
/PM0/MIGRA,
/PM0/OPERA,
/PM0/PPGRP,
/PM0/PRELG,
/PM0/RAPPL,
/PM0/RBOML,
/PM0/RMODL,
/PM0/SVGRP,
/PM0/TMPID,
/PM0/TMPTY,
/PMG/MPGRP,
/PRA/ACTTY,
/PRA/OMACT,
/PRA/OWN_F,
/PRA/PNACT,
/PRA/PNRCD,
/SAPCE/IU0,
/SAPCND/AP,
/SAPCND/CT,
/SAPCND/TY,
/SAPCND/US,
/SAPF15/BW,
/SAPPCE/TP,
/SAPPO/BPR,
/SAPPO/CMP,
/SAPPO/FLT,
/SAPSLL/LR,
/SAPSLL/LT,
/SAPSLL/NC,
/SAPSLL/NS,
/SCA/ACTVT,
/SCA/APDID,
/SCA/APPID,
/SCA/MODE,
/SCA/SCRID,
/SCDL/CAT,
/SCDL/ORG,
/SCDL/ROLE,
/SCDL/TYPE,
/SCF/APPID,
/SCF/SCRID,
/SCMB/ATID,
/SCMB/LGNU,
/SCMB/OWNE,
/SCMB/PDST,
/SCMB/PRR,
/SCMB/SCU,
/SCMB/SFUN,
/SCMTMS/BW,
/SCMTMS/RD,
/SCMTMS/RT,
/SCMTMS/SB,
/SCMTMS/SD,
/SCMTMS/TC,
/SCMTMS/TE,
/SCMTMS/TI,
/SCTM/CAT,
/SCTM/FRDT,
/SCTM/SACT,
/SCTM/SHPT,
/SCTM/TPP,
/SCWM/ACAT,
/SCWM/AREA,
/SCWM/BS,
/SCWM/DCAP,
/SCWM/DSLP,
/SCWM/DSPS,
/SCWM/EAGR,
/SCWM/EAPP,
/SCWM/EFUN,
/SCWM/ENTL,
/SCWM/ESIC,
/SCWM/EWLS,
/SCWM/LDPV,
/SCWM/LGNU,
/SCWM/LGNV,
/SCWM/LGTY,
/SCWM/METH,
/SCWM/MIG,
/SCWM/MONI,
/SCWM/MSGR,
/SCWM/OBCL,
/SCWM/OC_A,
/SCWM/ORG,
/SCWM/PLC,
/SCWM/PROC,
/SCWM/PROD,
/SCWM/PRTY,
/SCWM/PSGR,
/SCWM/QFUP,
/SCWM/QUEU,
/SCWM/RFAP,
/SCWM/RFLT,
/SCWM/ROLE,
/SCWM/RSGR,
/SCWM/RSTY,
/SCWM/SFUN,
/SCWM/SLFU,
/SCWM/TOOL,
/SCWM/TRAC,
/SCWM/WOST,
/SCWM/WSTY,
/SMB/GMD,
/SMFND/APP,
/SPE/AAC,
/SPE/MOSEL,
/SRMERP/CA,
/STMC/TMSY,
/STMC/TMTI,
/STMC/TMTY,
/STTPEC/OT,
/TMF/EMPR,
/TMF/FILI,
/TMF/M_EVT,
/TMF/R_ACT,
/TMF/R_EVT,
/UI2/CHIP,
/UI2/ENTNM,
/UI2/KEY1,
/UI2/KEY2,
/UI2/KEY3,
/UI2/KEY4,
/UI2/OBJN,
/UI2/OBJT,
/UI2/REPO,
/UI2/REPTY,
/UI2/SCOPE,
/UI5/DLV,
/UI5/THMID,
ABADRENV,
ABGRD,
ABP_LNG_VS,
ABRKS,
ACCBASIS,
ACCESS_LEV,
ACCESS_LVL,
ACCOUNT,
ACCPRIN,
ACCRULE,
ACCT_ACTVT,
ACC_CODE,
ACC_DATABS,
ACC_POLICY,
ACEXT,
ACE_ACRTPE,
ACE_BUKRS,
ACE_COMP,
ACE_ITMTYP,
ACLPROCESS,
ACODE,
ACO_ACT_S,
ACO_OTYP_S,
ACPOOL,
ACTAREA,
ACTION,
ACTIVITY,
ACTVT,
ACTVT_CB,
ACT_EBPP,
ACT_GROUP,
ACT_OBJ_CM,
ACT_TYPE,
ADGRP,
ADGRP_P,
ADJMMETH,
ADJMRULE,
ADJMTASKTY,
ADMINORG,
ADMIN_TYPE,
ADRES,
AEFUN,
AENST,
AFAPL,
AFWAPPL,
AFWKFD,
AGR_TYP,
AKKRT,
AKKTP,
AKTHE,
AKTION,
AKTPR,
AKTTYP,
AKTYP_KK,
ALG_OBJECT,
ALG_SUBOBJ,
ALLOWED,
ALL_LAYOUT,
ALTNUM,
ALV_CSSCOP,
ALV_CSUTIL,
AMC_APPLID,
AMC_C_AUTH,
AMC_SCOPE,
AM_ACT_PER,
ANLKL,
AOTYPE,
APGRP,
APL_AUGR,
APL_RESP,
APOPARTNER,
APO_APKZ,
APO_ATP_AR,
APO_CDSOBJ,
APO_CFQNAM,
APO_CHRMAT,
APO_CLASS,
APO_CONSPR,
APO_CTMPRF,
APO_DEFN,
APO_DEFT,
APO_DVIEW,
APO_EXPOBJ,
APO_FUNC,
APO_GRPRUL,
APO_ICUBE,
APO_IOBJNM,
APO_KENN,
APO_LCTOOL,
APO_LOC,
APO_LOCFR,
APO_LOCTO,
APO_MATRUL,
APO_MOD,
APO_MTR,
APO_PAREA,
APO_PLANER,
APO_PLBK,
APO_PLBK2,
APO_PLNR,
APO_PL_PPS,
APO_PPFUNC,
APO_PROD,
APO_PROMID,
APO_RES,
APO_RETAUT,
APO_RTOUSE,
APO_SELID,
APO_SELTXT,
APO_SETGRP,
APO_SETMAT,
APO_SOS,
APO_TMOD,
APO_TPVS_A,
APO_TPVS_P,
APO_TPVS_V,
APO_VERS,
APO_VIEW,
APPCODE,
APPKZ,
APPL,
APPLC,
APPLIC,
APPLOBJTYP,
APPL_COMP,
APPL_ID,
APPL_NAME,
APPL_WSRS,
APTYP,
AP_ART,
ARBHI,
ARBPL,
ARCDLUNAME,
ARCH_OBJ,
ARTNR,
ARUN_ITA,
ASP_STATE,
ASRACTVT,
ASRCONTGRP,
ASRCONTYPE,
ASROBJSCOP,
ASTAT,
ASTNR,
ASTYP,
ATAUTH,
ATC_OBJTYP,
ATC_OTYPGO,
ATC_VISIBL,
ATYPE,
AUART,
AUART_CCD,
AUDITACTVT,
AUDIT_AREA,
AUDIT_CNUM,
AUDIT_NAME,
AUDIT_TYPE,
AUD_AUTHGR,
AUFAR,
AUFART,
AUGRP,
AUSWK,
AUTGR,
AUTH,
AUTHAREA,
AUTHC,
AUTHF,
AUTHF_TRG,
AUTHGRP,
AUTHGRP_FC,
AUTHGRP_TK,
AUTHOBJNAM,
AUTHOBJTYP,
AUTHP,
AUTHPGMID,
AUTHPHASE,
AUTHS,
AUTHS_TRG,
AUTHTYP,
AUTHTYP_PS,
AUTH_AG,
AUTH_CRPO,
AUTH_FIELD,
AUTH_FLD1,
AUTH_FLD2,
AUTH_FLD3,
AUTH_FLD4,
AUTH_FLD5,
AUTH_FLD6,
AUTH_FLD7,
AUTH_GR,
AUTH_GROUP,
AUTH_GRP,
AUTH_LVL,
AUTH_VALUE,
AUTYP,
AUTYP_BKKA,
AUTYP_CAMA,
AUTYP_CASH,
AUTYP_CAVT,
AUTYP_COND,
AUTYP_PAIT,
AUTYP_PAOR,
AUTYP_STOR,
AUT_GRP,
AUVAL1,
AUVAL2,
B2A_ACTIO,
B2A_BTRTL,
B2A_WERKS,
B4H_PROG,
BACT,
BAGRP,
BAKEY,
BANKL,
BANKS,
BASSL,
BBANKS,
BCV_CTXKEY,
BCV_DASHID,
BCV_QRYVID,
BCV_QRY_ID,
BCV_QUIKID,
BCV_SEA_ID,
BDCAKTI,
BDCGROUPID,
BDCH,
BDOC_CLASS,
BDOC_TYPE,
BEFMETAOBJ,
BEGRP,
BEGRU,
BEHAVMODEL,
BENO,
BERGRP,
BERID,
BERSL,
BESNR,
BETRVORG,
BEWID,
BE_SRC_SYS,
BFUNK_EBPP,
BFUNK_KK,
BF_CANCEL,
BF_CONCLU,
BF_POST,
BF_REPPT,
BF_SCRAP,
BF_TYPE,
BGRFC_D_IN,
BGRFC_D_OU,
BGRFC_TYPE,
BGRKL,
BGRKP,
BGRSE,
BIAUTH,
BICUG,
BILLREQTYP,
BILL_ORG,
BILL_TYPE,
BIPCAT,
BITCAT,
BKKRS,
BKT_TYPE,
BLART,
BLTYP,
BNK_ACT,
BNK_ITMDET,
BNK_RULE,
BOART,
BOE_ACTION,
BOE_KUNNR,
BOE_LIFNR,
BOROBJTYPE,
BO_NAME,
BO_SERVICE,
BPC_ACTIVT,
BPC_CCLASS,
BPROLE,
BP_PER_IND,
BP_TYP,
BRANOBJ,
BRFP_APPL,
BRF_ACLASS,
BRF_ACTVT,
BRF_CAT,
BRGRU,
BRKUNNR,
BRLIFNR,
BRNCH,
BRSTATUS,
BRWS_KEY,
BRWS_NAME,
BR_ACTVT,
BR_CLAIM,
BR_INDFY,
BR_WIDRWL,
BSART,
BSFC_APPL,
BSP_APPL,
BSP_VIEW,
BSUBJ,
BTCADMIN,
BTCUNAME,
BTRTL,
BUAG_CLASS,
BUKRS,
BUKRS_EXT,
BUNIT,
BUPLA,
BUSOBJECT,
BUSPROC,
BUS_OBJ_TY,
BUS_PTNR,
BU_AUGRP,
BW4_HTTP_M,
BW4_URI,
BWART,
BWASL,
BWBER,
BWKEY,
BWLVS,
BWTAR,
CACS_APPL,
CACS_CTGTT,
CACS_CTRID,
CACS_FDG_B,
CACS_FDG_C,
CACS_GPART,
CACS_STGTP,
CACS_VALTP,
CACTI,
CACTT,
CAG_ACTVT,
CAG_CRTYPE,
CAG_PCNARE,
CAG_PCNCKY,
CAPPL_NAME,
CASETYPE,
CASE_TYPE,
CASHB_TYPE,
CATEGORY_P,
CATS_AUTHP,
CB_AREA,
CB_CYCLE,
CB_ITEM,
CB_ORG,
CCCATEGORY,
CCD_TYPE,
CCE,
CCHIER,
CCHIERND,
CCINS,
CCIROLE,
CCITYPE,
CCNUM,
CCSE,
CCTRHIER,
CCTRHIERND,
CC_PROFILE,
CC_TARGET,
CDCATEGORY,
CDMC_AREA,
CDMC_ROLE,
CDTYPE,
CEAPPL,
CEERKRS,
CEFORM,
CEGJAHR,
CEPLIKZ,
CEREPID,
CERULE,
CEVERSI,
CEVERSN,
CFAPPLC,
CFASPET,
CFC_OBJAP,
CFFIENM,
CFHIEID,
CFHVERS,
CFIN_APPL,
CFJDEST,
CFKYRSP,
CFLFDID,
CFOKCOD,
CFPERDE,
CFPLACT,
CFRECTY,
CFREPID,
CFUNCNAME,
CFVALTY,
CFVERSION,
CFVERSO,
CFYEARB,
CF_PURPOSE,
CHECK_LEV,
CHIP_NAME,
CHK_POINT,
CHNGPROC,
CHNGTYPE,
CHNL_PART,
CIL_SST,
CIL_TEAM,
CITCAT,
CLAIMREAS,
CLASS,
CLASSNAME,
CLASSTYPE,
CLERK,
CLIENT,
CLIIDMAINT,
CLMGRP,
CLMTY,
CLNTAPPL,
CLNT_ORIG,
CLPAYM,
CMS_ACTVT,
CMS_CRTYPE,
CMS_PCNARE,
CMS_PCNCKY,
CMS_PCNOBJ,
CMXXSR_ACT,
CMXXSR_GRP,
CMXXSR_LCI,
CMXXSR_LOC,
CMX_XS_ACT,
CMX_XS_APP,
CNSTATUS,
CNTYPE,
COARS,
COAT_FUNCT,
COL_TYPE,
COMMAND,
COMMODITY,
COMPGRP,
COMPONENT,
COMP_CODE,
COMP_FLD1,
COMP_FLD2,
COMP_FLD3,
COMP_FLD4,
COMP_FLD5,
COMP_FLD6,
COMP_FLD7,
COMP_FLD8,
COMP_NAME,
COMP_PLUG,
COMP_WIN,
COM_MODE,
CONDAREA,
CONDCATG,
CONDTYP,
COND_ART,
CONFIG_ID,
CONF_FLAG,
CONGR,
CONS_AREA,
CONTR_TYP,
COOPC_EVT,
COOPC_ITEM,
COREL_TYPE,
COTYP_KK,
COUNTRY,
COUNTRYVAR,
CO_ACTION,
CO_CR_TYPE,
CO_KAINT,
CO_VRGNG,
CPET_APPL,
CPET_DOCCT,
CPET_ORG,
CP_EXEC_PR,
CRCARD_ACT,
CRCLASS,
CRDSCODE,
CRED_DOMN,
CRED_IDEN,
CREQ_TYPE,
CRFILE_ACT,
CRITER,
CRMS4PAYFA,
CRMS4SSPTY,
CRM_AUTHDM,
CRM_AUTHSC,
CRM_CHM_VL,
CRM_GPM_AG,
CRM_IPM_AT,
CRM_IPM_GP,
CRM_IPM_SC,
CRM_ISM_ET,
CRM_RT_KEY,
CRVOU_ACT,
CR_ID,
CSWRK,
CTLPC,
CTRL_NAME,
CTS_ADMFCT,
CTS_LANFKT,
CTY_CAT,
CURRENCY,
CURR_SETT,
CUSTMODEL,
CVI_ACTVT,
CWPRICLABL,
C_ST_CAT,
DAAGOBJECT,
DAEMON_ID,
DAEMON_TYP,
DATART,
DATE_GCD,
DB2OBJ,
DBA_DBHOST,
DBA_DBSID,
DBA_DBUSER,
DCLTYP,
DCSID,
DDLNAME,
DDLSRCNAME,
DDLXTRNAME,
DDLXTRPART,
DDLXTRRELS,
DEFRM,
DEF_ID,
DEHPARTNER,
DELTYP,
DEP_FCT,
DERITYPE,
DESTINATIO,
DESTR_OBJ,
DESTSYS,
DEVCLASS,
DFS_SRCTYP,
DFS_STAT,
DFS_TGTTYP,
DF_LOGFUNC,
DF_MATPLN,
DF_ME_NAV,
DF_OTYPE,
DF_PRPL,
DF_STATUS,
DF_SYNCACT,
DF_TRAIN_C,
DF_TRAIN_P,
DF_WM_ATR,
DF_WM_NAV,
DGJAHR,
DGROUP,
DHCDCCDSNM,
DHCDCCDSRS,
DHCDCSBTYP,
DIACL_TYPE,
DICBERCLS,
DIMEN,
DISPINVVAL,
DISPO,
DIS_CHANNE,
DIVISION,
DIWPSMEBAR,
DMC_COBJ,
DMC_PRJCT,
DMC_SPRJCT,
DOCTY,
DOCUMENTID,
DOCU_TYPE,
DOC_TYPE,
DOKAR,
DOKOB,
DOKST,
DOKU_ACT,
DOKU_DEVCL,
DOKU_MODE,
DOMAIN,
DOTM_BP_ID,
DOTM_SUBTY,
DOTM_SYSTY,
DOTM_TECID,
DOTYP,
DPVMS_FUNC,
DRF_APPL,
DRF_FOBJ,
DRF_RECEIV,
DRF_SERV,
DSDM_ACTCH,
DSDM_ACTCU,
DSDM_ACTFZ,
DSDM_ACTGR,
DSDM_ACTJC,
DSDM_ACTRO,
DSDM_ACTST,
DSDM_ACTUS,
DSDR_AKTN,
DSDR_AREA,
DSDR_BSO,
DSDR_SAREA,
DSDR_STYP,
DSPMODE,
DSPNAM,
DUMMY,
DUMP_CCLNT,
DUMP_CUSER,
DUMP_INFO,
DXPROJECT,
E2E_SCOPE,
EAACTVT,
EANOCAT,
ECM_PHASE,
ECO_DOCU,
ECRM_ITYP,
ECRM_PRCAT,
ECRM_SPART,
EDI_CIM,
EDI_DIR,
EDI_DOC,
EDI_MES,
EDI_MESCOD,
EDI_MESFCT,
EDI_POR,
EDI_PRN,
EDI_PRT,
EDI_TCD,
EDOIN_ORG1,
EDOIN_TYPE,
EDO_MSGTYP,
EDO_PROC,
EDO_PRSTEP,
EDTN_TYPE,
EFI_ACTIO,
EHFND_DSCC,
EHFND_EXPP,
EHPRC_LGNT,
EHPRC_OLGR,
EHSM_COMP,
EHSM_PCACT,
EHSM_PVAR,
EHS_MPAUTH,
EHS_OBJCAT,
EHS_OBJTYP,
EHS_STATUS,
EHS_STSUCC,
EKGRP,
EKORG,
EMP_LEVEL,
ENCTYPE,
ENTITY,
ENTITY_NOD,
ENTSL,
EPIC_AREA,
EPIC_BCTYP,
EPIC_BPSOT,
EPIC_STS,
EPM_BP_ID,
EQART,
EQTYP,
EQUNR,
ERMS_AUGR,
ERMS_CTXT,
ESEAUTHGRP,
ESECATPIN,
ESEESTCAT,
ESEGRPID,
ESEGRPTYP,
ESEPHRGRP,
ESEREG,
ESEREPTYPE,
ESERVLID,
ESESVRTYPE,
ESEVACLID,
ESH_CATEG,
ESTAT,
EVAL_SETTG,
EVENT,
EVID,
EVLID_KK,
EVTYPE,
EXCEPTOBJ,
EXGRP,
EXPOBJ,
EXPOS_ORIG,
EXPR_INT,
EXP_ACT_TY,
EXP_INST,
EXP_SCEN,
EXP_TYPE,
EXTCT_TYPE,
FAGL_ACTIV,
FAGL_OPVAR,
FARR_VKORG,
FAUTHCNTXT,
FBTCH,
FBTYP,
FCC_AREA,
FCC_ORGVAL,
FCC_ORG_TY,
FCC_OWNER,
FCC_TL_IND,
FCLM_ACTY,
FCLM_BUKRS,
FCLM_GSBER,
FCLM_KOKRS,
FCLM_KOSTL,
FCLM_KUNNR,
FCLM_LIFNR,
FCLM_LQPOS,
FCLM_PRCTR,
FCLM_SGMT,
FCODE,
FCURR,
FDT_ACT,
FDT_APPL,
FDT_CATEG,
FDT_EXT_ID,
FDT_FUNC,
FDT_OBJTYP,
FDT_WB_ACT,
FEED_ID,
FELDNAME,
FIAR_CLIPA,
FIBK_ACNT,
FIBK_BLART,
FICA_DG,
FICA_MID,
FICA_RCON,
FICSMDTYP,
FICSPSTLV,
FICSSELCLS,
FIELDNAME,
FILENAME,
FILEXT,
FILL_TYPE,
FINB_ACINS,
FINB_ASPCT,
FINB_COMP,
FINB_TYPE,
FINS_ACTIV,
FISC_BS,
FKART,
FKARTT,
FKKID_ACT,
FKKID_PROC,
FK_AUS,
FK_ERH,
FLAVOR_ID,
FLDGR,
FLDGR_BKKA,
FLDGR_CAMA,
FLDGR_CAVT,
FLDGR_FICA,
FLDGR_PS,
FLOW_ID,
FLTYP,
FMCA_ABTYP,
FMCA_FBSTA,
FMEA_TYPE,
FMRE_AUTH,
FMRE_BLART,
FMRE_BLTYP,
FMSP_ACTVT,
FMSP_BEGRU,
FM_AUTHACT,
FM_AUTHDAY,
FM_AUTHGRC,
FM_AUTHGRF,
FM_AUTHGRM,
FM_AUTHGRP,
FM_BUDCAT,
FM_CL_REAS,
FM_CL_STAT,
FM_CVRPOOL,
FM_DOCTYPE,
FM_DRAPCL,
FM_DRENV,
FM_DRSTRID,
FM_DRSUBCL,
FM_FICTR,
FM_FIKRS,
FM_FINCODE,
FM_FIPOS,
FM_GROUP,
FM_GRP_BPD,
FM_GRP_CVG,
FM_GRP_FAR,
FM_GRP_HID,
FM_GRP_KEY,
FM_GRP_LAY,
FM_GRP_STA,
FM_KEDRENV,
FM_MAINGRP,
FM_PPLAN,
FM_SUBAREA,
FM_SUBGRP,
FM_VERSN,
FNAM,
FORMCLASS,
FORMKEY,
FORMNAME,
FORM_NAME,
FPP_APPL,
FPP_MID,
FPP_PAROBJ,
FPRLACTION,
FPUPD,
FQM_ORIGAP,
FRGCD,
FRGCO,
FRGGR,
FRML_LEVEL,
FRTC_DCATG,
FRTC_DIM,
FRTC_ENTIT,
FRTC_MODEL,
FSH_ITAARN,
FSH_ITAFCO,
FSH_PLANT,
FUD_BLART,
FUD_VERLEV,
FUNCTION,
FUNC_CCPP,
FUNC_COCP,
FUNC_COP,
FUNC_PAR,
FVD_DIS_CH,
FVEC_SCEN,
FVEC_TTYPE,
F_AREA_ID,
F_CLRO_ID,
F_KKID_SK1,
F_SPS_ID,
F_SPTY_ID,
F_SP_ID,
GEART,
GEF_BO_ID,
GEF_CONTXT,
GEGRU,
GFD_ROLE,
GHO_ACTVT,
GIS_OBJTYP,
GJAHR,
GLACTIVITY,
GLCENTACTY,
GLCONTEXT,
GLCYCLE,
GLFIELDGRP,
GLRLDNR,
GLRRCTY,
GLRVERS,
GM_AUTHGR,
GM_BUDPROC,
GM_BUDTYP,
GM_LIFESTA,
GPDARCHPS,
GRIRSTATUS,
GROUP_CUST,
GROUP_FEAT,
GSART,
GSBER,
GSTRU,
GTB_KEY,
GTB_NAME,
HANDLE,
HAP_CAT,
HAP_CAT_G,
HAP_TEMPL,
HBKID,
HDB_APPL,
HDB_SAPPL,
HDS_APPLID,
HDS_TREECG,
HDS_TREEID,
HIERTYPE,
HIER_ID,
HIER_TYPE,
HKTID,
HNAME,
HOST,
HPAUTHGRP,
HPEDGETYPE,
HPNODETYPE,
HREQ_CAT,
HRFPMEXGRP,
HRPEAREKEY,
HRPEPOGROP,
HRPEPOLSTA,
HRPEPOLVER,
HRPEPOLYID,
HRPEPOTYPE,
HRYID,
HRYTYPE,
HRYVERS,
HR_CAT,
HR_CLASS,
HR_RISKCAT,
HSISTATUS,
HSP_TYPE,
H_KEY_FLD1,
H_KEY_FLD2,
IB_AUTHG,
IB_IBTYP,
ICF_FIELD,
ICF_HOST,
ICF_NODE,
ICF_TYPE,
ICF_VALUE,
ICLE_ACT,
ICLE_EVCAT,
ICLPDOCCAT,
ICL_ACT,
ICL_AUTHCL,
ICL_AUTHGP,
ICL_CLTYPE,
ICL_OBJCAT,
ICL_POLNRL,
ICL_SCLTYP,
ICL_SUBOBJ,
ICM_CASTYP,
ICM_INCTYP,
ICM_LEATYP,
ICM_OPETYP,
ICM_RELTYP,
ICM_SECLVL,
ICONFSTOR,
IC_APPS,
IDCFM_FRAM,
IDCN_ALG01,
IDENT,
IHC_ACTION,
ILART,
ILM_CLIENT,
ILM_CONFIG,
ILM_SYSID,
IMASS,
IMG_ACTIV,
IMPVS,
IM_ACTSY,
IM_ACTVT,
IM_APPST,
IM_IVART,
INC_CATEG,
INC_GROUP,
INC_NO_GRP,
INC_STATUS,
INFO,
INFOTYP,
INFTY,
INGRP,
INITIATOR,
INSET,
INSOTYP,
INSO_AUTYP,
INSO_FDG,
INTEB,
INV_ACTIVT,
INV_INBTYP,
INV_INVTYP,
INV_RECEIV,
INV_RELLVL,
INV_SENDER,
IP_AUGR,
IRM_OBJCAT,
IRM_OBJGRP,
IRM_OBJTYP,
IRM_POLCAT,
IRM_POLTYP,
IRM_RULGRP,
ISAUM_TYPE,
ISA_SHLP,
ISA_TAB,
ISSRRANTYP,
ISTAT,
ISU_ABLEIN,
ISU_ACTIVT,
ISU_AKLASS,
ISU_AMI_CO,
ISU_AMI_EM,
ISU_AMI_MD,
ISU_CALCFI,
ISU_CTFACT,
ISU_DISCPV,
ISU_DTXAKT,
ISU_DV_ACT,
ISU_EINBAU,
ISU_EVSCOD,
ISU_EVTCOD,
ISU_EWAOBJ,
ISU_EWAWA,
ISU_GRRATE,
ISU_LOSAMT,
ISU_MR_ACT,
ISU_MSGACT,
ISU_MSGSRC,
ISU_OPACT,
ISU_POD_TB,
ISU_PRFACT,
ISU_PRFCAT,
ISU_PROCSS,
ISU_REGGRP,
ISU_SERVIC,
ISU_SETTLD,
ISU_SPROV,
ISU_SPROVS,
ISU_SPTYP,
ISU_TSCALC,
IS_ANAPRO,
ITA_ACTIVT,
ITCLG,
ITEM_FIELD,
ITEM_FLD_X,
ITEM_STS,
IUDIT_APPL,
IWB_AREA,
IWB_EXTNSN,
IWB_FCTN,
IWB_FLDGRP,
IWB_REL,
IWERK,
IWP_AAREA,
IWP_AUTHGR,
IWP_WRKPCK,
I_OST_PROF,
J3RFTPFLO1,
JEFRM,
JIT_ACTION,
JIT_CUSTO,
JNLTYPE,
JOBACTION,
JOBGROUP,
JP_ACCESS,
JP_INDV,
JUPER,
JV_ACLASS,
JV_CUGROUP,
JV_EGROUP,
JV_JOA_SUB,
JV_PROCA,
JV_VCLASS,
JV_VENTURE,
JV_VTYPE,
J_1GACTION,
J_1GAREA,
J_2GPTC,
J_3GBEGRU,
J_3GBEWEG,
J_3GBLART,
J_3GEIFR,
J_3GLVART,
J_3GTESTSD,
J_BO_TYPE,
KALSM,
KAPPL,
KASSE,
KDGRP,
KEY_FLD1,
KEY_FLD2,
KEY_FLD3,
KEY_FLD4,
KEY_FLD5,
KEY_FLD6,
KEY_FLD7,
KFPBLA,
KKBER,
KLART,
KLPRZ,
KLVAR,
KMART,
KNDNR,
KOART,
KOKRS,
KONNR,
KOSTL,
KOTABNR,
KPISET,
KSCHL,
KSTAR,
KTAAR,
KTOKD,
KTOKK,
KTOPL,
KTRAT,
KURST,
KUSRGR,
KVEWE,
LAND1,
LANGUAGE,
LA_COMP,
LBACTVT,
LBBEGRU,
LCM_PROF,
LC_ACTVT,
LC_FNCTN,
LDAP_SERV,
LETYP,
LEVEL1,
LFART,
LGNUM,
LGORT,
LGTOR,
LGTYP,
LHM_CASE,
LHM_LOGSYS,
LHM_OBJTYP,
LIFNR,
LIME_IDX,
LIME_PRCTP,
LISTTYP,
LL_TGT,
LL_TYPE,
LMON_AMTHD,
LMON_LOCAT,
LMON_MTHOD,
LMON_OBCLS,
LN_TYPE,
LOCAUTHGRP,
LOCBUSAREA,
LOCCOMP,
LOCCOST,
LOCCOUNTRY,
LOCHIER,
LOCID,
LOCPLANT,
LOCREGION,
LOCSTATUS,
LOCSTORAGE,
LOCTYPE,
LOC_ID,
LOGDELETE,
LOGDISPLAY,
LOGSYS,
LOG_GROUP,
LOIO_CLASS,
LOP_CAT,
LOTYP_KK,
LOV_OBJTYP,
LOY_EVENT,
LRDISTRICT,
LRPID,
LSO_FOUP,
LTR2_ACTBO,
LTR2_ACTES,
LTR2_ESEXP,
LTR2_FUNC,
LTRM_AMTHD,
LTRM_INRSN,
LTRM_LOCAT,
LTRM_MTHOD,
LTRM_OBCLS,
LTRM_OBJCT,
LTR_KB_ACT,
LTR_NAME,
LTR_NAMESP,
LTR_TYPE,
L_SFUNC,
MANDATEID,
MANDATETYP,
MASSOBJTYP,
MASSTMLID,
MASSTMLTYP,
MATKL,
MATNR,
MBT_AN_APP,
MBT_PR_ARE,
MBT_PR_LEV,
MCAPP,
MCDDC,
MCGEN,
MCINF,
MCKEN,
MDAKT,
MDATL,
MDC_FILTER,
MDC_OBJTYP,
MDG_OBJTYP,
MDQ_OBJTYP,
MDQ_RULSTS,
MDQ_RULUSG,
MDS_ACTVT,
MDS_OBJSRC,
MFART,
MGR_REPORT,
MIC,
MKTPL_ASGT,
MKTPL_AUGR,
MKTPL_CPTY,
MKTPL_RESP,
MKT_ELEM,
MLSRV_KK,
MLTYP_KK,
MNACTVT,
MNCAT,
MNSTATUS,
MODULE,
MOLGA,
MPE_BO_ACT,
MPE_CER_CT,
MPE_EX_ACT,
MPE_HLD_OT,
MPE_OBJ_TY,
MPROJ_TYPE,
MPTYP,
MSGTYPE,
MTART,
MTPTYPE,
MUP_CAT,
MU_TYPE,
MWBFCODE,
MWLISTTYP,
MW_ACT,
NJIT_ACT,
NJIT_KUNNR,
NM_GROUP,
NODE,
NOHIS,
NOHIST,
NOTIF_ACT,
NOT_TSK_AC,
NROBJ,
NUMBER,
NW_ATT_VAL,
N_CATALOG,
N_EINRI,
N_KEY_FLD1,
N_KEY_FLD2,
N_KEY_FLD3,
N_PATNM,
N_PATNR,
OA2C_PROF,
OA2_CLIENT,
OA2_SCOPE,
OAARCHIV,
OAATTRIBUT,
OADOKBER,
OADOKUMENT,
OALOGFCT,
OAN_SGMT_T,
OAOBJEKTE,
OAPDID,
OAPIACT,
OARUID,
OASCID,
OATRGACT,
OATRGTYP,
OAWLACT,
OAWLDID,
OBJAP,
OBJART,
OBJAUTHIND,
OBJECT,
OBJECTCLAS,
OBJECTTYPE,
OBJECT_KK,
OBJECT_TYP,
OBJECT_WCB,
OBJMETH_EA,
OBJMETH_RE,
OBJNAME,
OBJTYP,
OBJTYPE,
OBJ_NAME,
OBTYP,
OC_APPL_TY,
OC_CHANNEL,
OC_ORGU_ID,
OC_ORGU_TY,
OC_ORG_ID,
OC_ORG_TYP,
OC_OUTP_TY,
OFFADMI,
OFFTCD,
OIA_EXGTYP,
OIA_UPEDOC,
OIF_DTSECT,
OIF_PBLTYP,
OIG_SHTYPE,
OIJ_3WPACT,
OIJ_CARR,
OIJ_LOC,
OIJ_LOCTYP,
OIJ_NOMST,
OIJ_NOMTYP,
OIJ_SHPR,
OIJ_TKTTYP,
OIJ_TSYST,
OIO_VG_TYP,
OIRA_PROC,
OIRA_RNBT,
OIRB_AREA,
OIRB_AUTGR,
OIRB_REG,
OIRB_SAREA,
OIRE_CCINS,
OIRE_CHOBJ,
OIRE_COMPL,
OIRE_REVER,
OIUBL01_CM,
OIUBL01_PG,
OIUCM_TAB,
OIUGT_GV,
OIUH_JIL,
OIUH_ORG1,
OIUH_RTYPE,
OIUH_STATE,
OIUH_TF,
OIUH_YN,
OIUREPRTAB,
OIUREP_COM,
OIUREP_TAB,
OIUX3_COMP,
OIUX3_STEP,
OIUX4_ACT,
OIU_ACTVT,
OIU_AGENCR,
OIU_AGENCY,
OIU_BUKRS,
OIU_DOINO,
OIU_JVNAME,
OIU_OGIND,
OIU_OWNREQ,
OIU_REPNAM,
OIU_SUBSYS,
OIU_TCODE,
OIU_YYYYMM,
OLDMANDT,
OLDSID,
OLE_APPL,
OLTPSOURCE,
ONLINE,
OPACT,
OPFLG,
OPSYSTEM,
ORDCLS,
ORDERACT,
ORDER_NO,
ORDER_TYPE,
ORDTYP,
ORD_SOURCE,
ORGA,
ORGEH,
ORGUNIT,
ORGUNITID,
ORGUNIT_CN,
ORGUNIT_ID,
ORG_CRIT,
ORG_FIELD1,
ORG_FIELD2,
ORG_FIELD3,
ORG_FIELD4,
ORG_FIELD5,
ORG_FIELD6,
ORG_FIELD7,
ORG_FIELD8,
ORG_UNIT,
ORIGIN,
OR_OBJTYPE,
OSBEGRU,
OSOAAPCO,
OSOAPART,
OTYPE,
OTYPE_NAME,
OWNER,
P20_ENTNR,
P24_ASTUS,
P24_VISFUN,
PAATY,
PACPOS_FCT,
PARNAME,
PARTNER,
PARTNR,
PARTN_FCT,
PARTN_FCTT,
PARVW,
PATH_ID,
PATYPE,
PAYDELROLE,
PAYTYPE_SA,
PBEN_AREA,
PB_REO_AKT,
PCACTVT,
PCBEGRU,
PCO_APPLIC,
PCTRHIER,
PCTRHIERND,
PDCATEGORY,
PDTYP,
PERMO,
PERSA,
PERSG,
PERSK,
PERS_SCOPE,
PE_CON_ACT,
PE_EXE_ACT,
PE_OBJ_NAM,
PE_OBJ_TYP,
PE_OBJ_UTY,
PE_TARGET,
PFTYPE,
PGUI_ADM,
PHASE,
PHIN_APPL,
PHYS_CMDTY,
PHYS_CTYID,
PICCAT,
PIQAUDCAT,
PIQAUDCVRS,
PIQAUDTYPE,
PIQDOCTYPE,
PIQPROCESS,
PIQPROFL,
PKATY,
PKELV,
PKKLV,
PLANT_ID,
PLGRP,
PLHVS,
PLINT,
PLM_OTYP_S,
PLM_OTYP_T,
PLM_RCPAGR,
PLM_RCPSTA,
PLM_RCPTYP,
PLM_RCPUSG,
PLM_TP_VAR,
PLNTY,
PLSCH,
PLSCN,
PLSZN,
PLTYP,
PLVAR,
PMSOG,
PM_NAME,
PNAME,
PNTYPE,
POB_STATUS,
POC_ACTVT,
POC_SCOPE,
POC_USER,
POLICYNAME,
POSACC,
POTYPE,
POWL_APPID,
POWL_CAT,
POWL_LSEL,
POWL_QUERY,
POWL_RA_AL,
POWL_TABLE,
PPC_LOCNO,
PPC_RPTNAM,
PPE_FNAME,
PPE_OTYPE,
PPFCODE,
PPR_APPLIC,
PPR_TYPE,
PPSTATE,
PRART,
PRCLASS,
PRCTP,
PRCTR,
PRC_CODE,
PRC_EXE_IN,
PRD_CLASS,
PRF_ACCTYP,
PRINBR,
PRINT_PROC,
PROCDEFID,
PROCESS,
PROCMET_KK,
PROCSCEN,
PROCTSK,
PROCTYPE,
PROCTYP_MA,
PROC_CHAR,
PRODCLASS,
PRODH,
PRODTYPE,
PRODUCING,
PRODUCT,
PROFILE,
PROFILE_ID,
PROFILE_TY,
PROFIT_CTR,
PROFL,
PROGRAM,
PROGRAMM,
PROID_KK,
PROJAUTH,
PROJECT,
PROJECT_ID,
PROJ_CONF,
PROJ_ROLE,
PROPGROUP,
PROPNAME,
PRPS_NAME,
PRSCN,
PRSTYPE,
PRZNR,
PR_AUTHGR,
PR_TYPE,
PSARG,
PSA_NAME,
PSA_PROCA,
PSA_PROD,
PSA_TERM,
PSEAPPLIC,
PSECONTEXT,
PSIGN,
PSOBTYP_PS,
PSSCPAYFAM,
PSSCSXPTYP,
PS_ACTVT,
PS_FKOKR,
PS_FKSTL,
PS_PRART,
PS_VERNR,
PS_VGTYP,
PTYPE,
PTZUO,
PUBLICHIER,
PURCH_ORG,
PURPOSE,
PUR_ORG,
PVARIANT,
PVNAME,
PVTYPE,
P_ACTION,
P_ACTVT_AD,
P_ACTVT_FW,
P_ACTVT_RT,
P_APP_ID,
P_EVSIMU,
P_EVTYP,
P_GROUP,
P_HRF_INET,
P_HRF_MOBJ,
P_HRF_TYP,
P_OCTYP,
P_PCTR_ACT,
P_PCTR_LVL,
P_PCTR_TYP,
P_PCTR_USR,
P_PROGNAM,
P_PYD_AAUT,
P_PYD_CLS,
P_PYD_CLSA,
P_PYD_IAUT,
P_PYD_INST,
P_PYD_RDT,
P_RMS_ACTV,
P_RMS_CTYP,
P_RMS_DTYP,
P_RMS_ETYP,
P_RMS_GRER,
P_RMS_OPER,
P_RMS_REAA,
P_RMS_REPA,
P_RMS_REPT,
QACT_ILOT,
QACT_IMETH,
QACT_IRSLT,
QACT_MIC,
QACT_SDP,
QAUSWAHLMG,
QBESTBUBER,
QCERTTYP,
QCODEGRP,
QCTYP,
QDEFECTCAT,
QESTATNEW,
QESTATOLD,
QEXTDPROC,
QIE_AUTHGR,
QIE_E_CAT,
QIE_E_SCAT,
QIE_E_TYPE,
QIE_FIN_TY,
QIE_OBJTYP,
QIE_OWNER,
QIE_PROCES,
QIE_SDRW_T,
QINSMK,
QINSPPNTTY,
QKATART,
QMART,
QMASTAUTH,
QMASTMOD,
QMATAUTH,
QMATMODUS,
QPRUEFART,
QRSLTHYDDD,
QSPCKRIT,
QSTATAWMG,
QSTATCGRP,
QSTATMERK,
QSTATMETH,
QTSKORIGIN,
QUEUE_NAME,
QVAUSWHLMG,
QVCODE,
QVCODEGRP,
QVEART,
RAL_LENT_T,
RAL_LENT_V,
RAL_PURPOS,
RANTYP,
RAS_TYPE,
RBL_ACTVT,
RBL_ORG,
RBL_PCNARE,
RBL_PCNCKY,
RBL_STAT,
RCCATEGORY,
RCOMP,
RCPSTATUS,
RCURR,
RCVNG_SITE,
RC_RUN,
RC_VARIANT,
RDEALER,
RDM_ACT,
REALO,
REB_PROF,
REFMESTYP,
REFTYP,
REGIO,
REGION,
REGOBJTYP,
REGPROC,
REGSYS,
RELID,
RELTYP,
RELTYPE,
REL_CHECK,
REL_STATUS,
REPID,
REPORT,
REPOR_GCD,
REQ,
REQDOMAIN,
REQTYPE,
REQUEST,
RESPAREA,
RESPUNIT,
RESPUNITDG,
RESP_GROUP,
RESRF,
REVIEWREAS,
REVIS_GCD,
REVTY,
REV_STATUS,
RE_ACTVT,
RE_CRTYPE,
RE_PCNAREA,
RE_PCNCKY,
RFCDEST,
RFCTYPE,
RFC_CLIENT,
RFC_EQUSER,
RFC_INFO,
RFC_INSTNR,
RFC_NAME,
RFC_SCEN,
RFC_SYSID,
RFC_TCODE,
RFC_TT_TYP,
RFC_TYPE,
RFC_USER,
RFUNK_VK,
RF_MODE,
RLDEPO,
RLKEY,
RLMFW_ACT,
RLTYP,
RMAUTGR,
RMFIENM,
RMPSP_DESC,
RMPS_ACT,
RMPS_AUTU,
RMPS_GACT,
RMPS_KEY,
RMPS_OLVL,
RMPS_TYPE,
RMRPTYPE,
RMRTAUTH,
RMSID,
RMSLWUI_AG,
RMSLWUI_ST,
RMVALUE,
ROBJ_TYPE,
ROLECAT,
ROLETYP,
ROLE_KEY,
RPLAN,
RPLAN_TYPE,
RPORTB,
RPROC,
RRLCG,
RRTYPE,
RSADMWBOBJ,
RSALVLOBJ,
RSAN_APPL,
RSAN_PR,
RSAPPLNM,
RSAREA,
RSAREASRC,
RSAREATGT,
RSBDPRNM,
RSCPRO,
RSCTTNM,
RSDATAFLOW,
RSDFOBJ,
RSDOC_APPL,
RSDS,
RSDSPART,
RSECADMOBJ,
RSECADMVAL,
RSHCPR,
RSHCPROBJ,
RSHIENM,
RSHREQVIS,
RSICUBEOBJ,
RSINFOAREA,
RSINFOCUBE,
RSINFOSET,
RSINSPNM,
RSIOBJ,
RSIOBJCAT,
RSIOBJNM,
RSIOBJPART,
RSIPPART,
RSISETOBJ,
RSISOURCE,
RSISRCOBJ,
RSLOGSYS,
RSLPONAME,
RSLPO_POBJ,
RSMPRO,
RSMPROOBJ,
RSMTEAMCAT,
RSMTEAMNAM,
RSMTEAMTYP,
RSNEWISRC,
RSOADSONM,
RSOADSOPAR,
RSOBJNMSRC,
RSOBJNMTGT,
RSOBJTYPE,
RSODPHNAME,
RSODPHPKG,
RSODSOBJ,
RSODSPART,
RSOHDEST,
RSOHDTPART,
RSOHLOGSYS,
RSONDTPSRC,
RSONDTPTGT,
RSONIPSRC,
RSOSOURCE,
RSPCAPPLNM,
RSPCCHAIN,
RSPCPART,
RSPLF_SRV,
RSPLF_SRVT,
RSPLSALVL,
RSPLS_SEQ,
RSRHIERTHJ,
RSSTDTPSRC,
RSSTDTPTGT,
RSSTGSUB,
RSSTIPSRC,
RSSTTRSRC,
RSSTTRTGT,
RSSUBSRC,
RSSUBTGT,
RSTLDTPSRC,
RSTLDTPTGT,
RSTLIPSRC,
RSTLOGOSRC,
RSTLOGOTGT,
RSTTBOBJ,
RSTYPE,
RSUBD,
RSUOMNM,
RSVERSION,
RSWSPACE,
RSZCOMPID,
RSZCOMPTP,
RSZOWNER,
RS_AINDEX,
RS_AINX,
RTHIER_ID,
RTHIER_LEV,
RTHIER_OBJ,
RTNODE,
RTSEASON,
RTST_TLCAT,
RULE_REP,
RUN_OTBSPR,
RVERS,
RZNUM,
SAAFKT,
SACHA,
SACHP,
SACHZ,
SAGRP,
SALES_GROU,
SALES_OFFI,
SALES_ORG,
SAL_ACTVT,
SANLF,
SANPNR,
SAVE_MAT,
SAVE_TERM,
SBEWART,
SBGRP,
SBMOD,
SBO_CAT,
SCENID,
SCHEME,
SCMG_ACT,
SCMG_FIELD,
SCMG_KEY,
SCMG_LVL,
SCMG_ROLE,
SCONN_ID,
SCR_GRP,
SC_ID,
SC_PART,
SC_VARIANT,
SDCC_DEV,
SDCC_DEV_N,
SDCC_RUN,
SDCC_RUN_N,
SDCPROD,
SDO_SOURCE,
SDS_FUNCT,
SECLEVEL,
SECM_LOG,
SECTION,
SECU,
SEGMENT,
SELK,
SELVAR,
SELVS,
SEMAPP,
SEMAPPKEY,
SEMAREA,
SEMBUNDLE,
SEMMBCATA,
SEMMBMEAS,
SEMMBNODE,
SEMMCOBJNM,
SEMMCOBJTP,
SEMMETHOD,
SEMOBJKEY,
SEMOBJTYPE,
SEMPARAM,
SEMPLEVEL,
SEMPROFILE,
SEMRBCAT,
SEMRBGR,
SEMRBRISK,
SEMSCARD,
SEMTP,
SEMVDTREE,
SEMWEBITF,
SENDER,
SENSTVT,
SERVCATID,
SERVICE_OR,
SETTL_TYPE,
SFHAART,
SFILE_CLNT,
SFILE_NAM,
SFILE_OBJ,
SHDDOCTYPE,
SHTYP,
SICHT,
SID_ORIG,
SIGNAPPL,
SIGNAUTH,
SIGNOBJ,
SISTATUS,
SITBTMPTYP,
SITNANCOBJ,
SITNGRPID,
SITNID,
SITNTEMPID,
SIZEC,
SKOART,
SLA,
SLCAT,
SLL_ACTVTY,
SLL_ID,
SLS_ORG,
SMART,
SMATYPE,
SMB_ADMIN,
SMI_ACTVT,
SMI_DACTVT,
SMO_DEPOBJ,
SMO_OBJECT,
SMP_OPT,
SMVART,
SOL_TYPE,
SOPOB,
SOURCE_TYP,
SO_GROUP,
SPART,
SPEC_KIND,
SPEGR,
SPOACTION,
SPOAUTH,
SPODEVICE,
SPOPAGES,
SPSID,
SPS_ID,
SRCPROCESS,
SRF_REPCAT,
SRF_RPGENT,
SRGRP,
SRM_MODEL,
SRN_OBJECT,
SRT_NAME,
SRT_NAME2,
SRV_NAME,
SRV_TYPE,
SSFVAPPLIC,
SSICH,
SSOUR,
SSTATI,
STAFO,
STATM,
STATU,
STATUS,
STATUS_ID,
STCAGR_ID,
STC_SCN,
STEP,
STEUS,
STLAN,
STLTY,
STMSACTION,
STMSOBJECT,
STMSOWNER,
STOP,
STOP_APPL,
STRTYP,
STSMA,
STSVERSION,
STTYP,
STYLENAME,
SUBCAT,
SUBCLASS,
SUBJ_ID_TY,
SUBSYSTEM,
SUBTY,
SUBTYP,
SUB_ACTVT,
SUI_AREA,
SUPER_IP,
SVORG,
SVPLANT,
SVPROCESS,
SWBIND,
SWBNR,
SWC,
SWD_TASK,
SWENR,
SWERK,
SWFFLEXQUA,
SWFFLEXSCN,
SWTVIEW,
SXMBACTION,
SXMBADM,
SXMBAREA,
SXMBCONT,
SXMBIFNAME,
SXMBIFNS,
SXMBPARTY,
SXMBPRTAG,
SXMBPRTTYP,
SXMBSERV,
SYSTEM,
SYSTEM_ID,
SYS_CLIENT,
SZEART,
S_ADMI_FCD,
S_ADM_AREA,
S_DMSK_CFG,
S_ENQ_ACT,
S_KURSART,
S_PCO_ACTV,
S_PCO_APPL,
TABLE,
TAG_ATT,
TAG_ATT_PR,
TAG_ATT_UI,
TARGETS,
TASK,
TASKLEVEL,
TASKTYPE,
TASK_CLASS,
TASK_FLD1,
TASK_FLD2,
TASK_FLD3,
TASK_FLD4,
TASK_FLD5,
TASK_FLD6,
TASK_FLD7,
TASK_FLD8,
TASK_VAR,
TA_VALUE,
TA_VAL_NAM,
TBEGRU,
TCD,
TCODE,
TCTYP,
TCTYPE,
TCURR,
TC_CC_ID,
TC_CHANNEL,
TC_NAMESP,
TDHC_SEL,
TDLNR,
TEMPLATE,
TEMPL_NAME,
TEMPL_TYPE,
TERR_ASSGN,
TERR_LEVEL,
TER_RIGHTT,
TESTID,
TESTRUN,
TEW_TYPE,
TEXTID,
TEXTNAME,
TEXTOBJECT,
TFW_OBJECT,
TLANGUAGE,
TMART,
TM_ACTAREA,
TM_AGRSTA,
TM_BPID,
TM_CARRIER,
TM_CF_CAT,
TM_CF_TYPE,
TM_COND_ID,
TM_COND_TY,
TM_CONTEXT,
TM_DTRTYPE,
TM_FAGTY,
TM_FWOTYPE,
TM_FWQTYPE,
TM_INCAREA,
TM_MOT,
TM_OC,
TM_OT,
TM_OTRTYPE,
TM_PG,
TM_PO,
TM_PRFINID,
TM_PRFOPID,
TM_PRFSLID,
TM_RP,
TM_SB_ID,
TM_SCAC,
TM_SCHCAT,
TM_SCHTYPE,
TM_SF_CAT,
TM_SF_TYPE,
TM_TALTYPE,
TM_TDLCAT,
TM_TDLID,
TM_TDLTYPE,
TM_TP_ID,
TM_XEGRP,
TM_XEORG,
TM_XPGRP,
TM_XPORG,
TM_XSGRP,
TM_XSOFF,
TM_XSORG,
TPLCLASS,
TPLNR,
TPLST,
TPM_EX_ACC,
TRANOBJ,
TRANS_CAT,
TREE_TYPE,
TREQ_CAT,
TREX_ACT,
TRFCT,
TRGAT,
TRIALTYPE,
TRNS_TYPE,
TRNTYP,
TRNTYPE,
TRNTYPE_PI,
TRSTACT,
TRTYP,
TRV_ACTVT,
TSCEN_KK,
TSCONFDNT,
TSK,
TSPURPOSE,
TTE_CNTRY,
TTE_DTTREE,
TTE_DTTYPE,
TTE_TAXTYP,
TTSE_SFTN,
TTYPE,
TV_CREAT,
TV_EVSIM,
TXI_TE_ACT,
TXI_TE_ID,
TXI_TE_TYP,
TXTAR,
TYPENAME,
TYPE_ID,
TYPE_NOTIF,
T_PTY_NAME,
UCON_NAME,
UCON_TYPE,
UC_REP,
UDM_GROUP,
UDM_PROGID,
UDM_SGMNT,
UDM_STGY,
UGXREPCAT,
UICONFIG,
UI_COMP,
UKM_SGMNT,
UMG_ACTVT,
UNIT,
UOM_ACTVTY,
UOM_NETOBJ,
UOM_STATUS,
UOM_TRANS,
UPSMODE,
UPSTYP,
URI,
USAGE,
USER,
USMD_MODEL,
USR10_1,
USR10_2,
USR20_1,
USR20_2,
USRFLAG_1,
USRFLAG_2,
VAGRP,
VALUTYP,
VAL_AREA,
VARIANTE,
VARNR,
VBTYP,
VB_APP_ID,
VDSK1,
VEREH,
VERNR,
VERSN,
VERSN_GCD,
VERSN_XBRL,
VERWE,
VGINT,
VGRUP,
VIEW,
VIEWNAME,
VKBUR,
VKGRP,
VKORG,
VKTYP_KK,
VLC_ACTION,
VLOGP_RETY,
VORGANG,
VRGNG,
VRSIO,
VSART,
VSTEL,
VTWEG,
VVSART,
VZWRK,
WB2_STEP,
WCUSE,
WC_CONFTYP,
WC_FCODE,
WDHC_ACT,
WD_ACTVT,
WD_APPLID,
WD_COMPID,
WEBRQ_BGR,
WEBRQ_TYPE,
WEBRQ_USE,
WEB_SRV_ID,
WEC_ADMTYP,
WEC_ADM_TY,
WEC_OBJ,
WEC_OBJECT,
WEC_OBJ_TY,
WERKS,
WERKS_EXT,
WFACTVT,
WGDSPROCMO,
WI_TYPE,
WKSET,
WL_CAT,
WORKPLAN,
WPS_REV_AC,
WRF_ACTVT,
WRF_APPID,
WRF_AUTHGR,
WSM_COMPO,
WSM_IFNAME,
WSM_IFNS,
WSM_PARTY,
WSSP_NAME,
WSTATE,
WS_NAME,
W_ACODE,
W_BUDGAPPL,
W_BUDGTYPE,
W_EKORG,
W_ES_APPL,
W_ES_FOBJ,
W_ES_SERV,
W_STRCATEG,
W_VKORG,
W_WSTNAPPL,
XMILOGACC,
ZEITP,
ZLSCH,
ZSCHL,
ZUSSL,
ZVKAS,
